country,continent,year,lifeExp,pop,gdpPercap
Argentina,Americas,1997,73.275,36203463,10967.28195
Argentina,Americas,2002,74.34,38331121,8797.640716
Argentina,Americas,2007,75.32,40301927,12779.37964
