country,continent,year,lifeExp,pop,gdpPercap
Brazil,Americas,1997,69.388,168546719,7957.980824
Brazil,Americas,2002,71.006,179914212,8131.212843
Brazil,Americas,2007,72.39,190010647,9065.800825
